Scholarship,Deadline,Amount,Description
(ISC)² Graduate Cybersecurity Scholarship,3/8/2022,"$5,000","The (ISC)² Graduate Scholarship program offers from $1,000 to $5,000 per graduate student who is pursuing a degree with a focus on cybersecurity or information assurance. Applicants must be eligible to begin the first or second year of a master's degree program or pursue doctoral studies and have a minimum 3.5 GPA. Citizenship isn't required. Winners are announced in June. For more information or [...]"
(ISC)² Undergraduate Cybersecurity Scholarship,3/8/2022,"$5,000","The (ISC)² Undergraduate Scholarship offers students scholarships from $1,000 to $5,000 per recipient. Must be pursuing, or plan to pursue, a degree with a focus on cybersecurity or information assurance. You may be a senior in high school or an undergraduate student who is currently a junior, freshman, sophomore or senior who will be pursuing an undergraduate degree in the fall. A minimum 3.3. [...]"
A.B. Noel Endowed Scholarship,3/15/2022,$500,"To apply for the A.B. Noel Endowed Scholarship, you must be a current graduating senior or former graduate of Wood River Rural High School in Wood River, Nebraska OR a student who is currently enrolled in the nursing program at Central Community College in Grand Island or Concordia University in Seward. There will be a preference for students majoring in nursing, dental hygiene or electrical [...]"
AAUW Return to Learning Scholarships,4/1/2022,"$5,000","The Lombard Area Branch of AAUW ""Return to Learning"" scholarship is offered to assist females in completing an undergraduate or master's degree, or a certification program. Students must reside in Lombard, Villa Park, Oakbrook Terrace, Wheaton, Addison, Glendale Heights or Glen Ellyn in order to apply and are continuing college after a significant interruption. Special consideration is given to [...]"
ABA Academic Merit Scholarship,4/2/2022,"$5,000","The American Bus Association Academic Merit Scholarship is open to both ABA and non-ABA Members. To be eligible, candidates will have completed, at a minimum, their first year of an accredited university (4-year university/college or junior college); must have a declared major or course of study relevant to the transportation, travel and tourism industry; must possess a cumulative GPA of 3.4 or [...]"
ABA Diversity Scholarship,Varies,"$5,000","The ABA Diversity Scholarship focuses on broadening the number of traditionally underrepresented groups in the management and operation ranks of the transportation, travel, and tourism industry. Eligible candidates must have a declared major or course of study relevant to the transportation, travel, and tourism industry. Applicants are required to submit a 500-word essay discussing the role they [...]"
ACF Andrew Piech Memorial Scholarship,6/3/2022,"$2,200","The Andrew Piech Memorial Scholarship Fund provides assistance to students in the field of automotive technology and related applied technologies. Scholarships are awarded each year to New Mexico graduating high school seniors and/or continuing college students. Students must pursue a degree or certificate from a non-profit public, automotive or technical vocational institution including [...]"
"ACF Barnes W. Rose, Jr. and Eva Rose Nichol Scholarship Program",4/7/2022,$800,"The Barnes W. Rose, Jr. and Eva Rose Nickol Scholarship Program is for an Albuquerque High School senior pursuing a bachelor's degree in a STEM major- Science, Technology, Engineering, or Mathematics. Eligible applicants must have a cumulative GPA of 3.6, demonstrate financial need, and demonstrate an interest in math and/or science interest and skill through the SAT/ACT scores and/or strong [...]"
ACF Woodcock Family Education Scholarship Program,4/2/2022,"$40,000","The ACF Woodcock Family Education Scholarship Program was established in 1993 by Albuquerque businessman C.E. (Woody) Woodcock and his wife, Dixie, to support students of exceptional promise in the fields of science and math. Intended for students with strong math and / or science credentials. Scholarships will be awarded to Albuquerque metro area high school graduating seniors (includes [...]"
"AFCEA Washington, DC Chapter Scholarship",5/1/2022,"$12,000","In order to apply for the AFCEA Washington, DC Chapter Scholarship, you must be a resident within the Metropolitan Washington Council of Governments. Acceptable majors include computer science, engineering, mathematics, physics, chemistry, cybersecurity, and management information systems; and command, control, communications, computers and Intelligence (C4I)-related fields of study including [...]"
African American Network of the Carolinas,3/6/2022,Varies,"The African American Network – Carolinas chapter provides scholarships to college-bound students from North and South Carolina who are pursuing a major in engineering, math, science, computer science, accounting, finance or business administration. Applicants must be a graduating senior at a North or South Carolina high school and must attend a four-year college or university located in North or [...]"
Against the Grain Artistic Scholarship,5/31/2022,"$1,000","The Against The Grain Artistic Scholarship provides financial assistance and promotion of Asian-American college students pursuing a major in the performing, visual arts, journalism and/or mass communications. Applicants must be a US citizen, national or permanent legal resident who is of at least 25% Asian and/or Pacific Islander ethnicity, and be either a high school senior or a college student [...]"
AHB Foundation Scholarship,3/15/2022,Varies,"The Alabama Home Builders Foundation scholarship was founded in 1995 with a mission to help fund deserving students who are interested in pursuing an education in the residential building trades in the state of Alabama. Applicant must be a resident of Alabama, must be enrolling in, or attending, an accredited junior college, technical school or university in Alabama, and must be enrolled in a [...]"
Alaska Space Grant Program- Undergraduate,9/15/2022,Varies,"The Alaska Space Grant Program (ASGP) invites applications from U. S. citizens for undergraduate funding awards. These awards are offered to students majoring in science, technology, engineering or mathematics (STEM) or STEM education fields. Stipends available under this program are limited to students attending Alaska institutions of higher education. Women, under-represented minorities and [...]"
Alice L. Haltom Educational Fund,5/1/2022,"$2,000","The Alice L. Haltom Educational Fund operates exclusively for charitable, literary and educational purposes, especially in connection with the study, research, and dissemination of information, with respect to records and information management and related fields. Students who are  U.S. Citizens and actively pursuing undergraduate and post-graduate degrees related to careers in information and [...]"
AMTIE Scholarships,4/1/2022,Varies,"AMTIE offers scholarships each year. The applicant's course of study must lead to a career in one of the disciplines certified by the American Medical Technologists. The award may only be used to defray tuition costs, and will be sent directly to the school of the recipient’s choice. Eligibility: applicant must be a graduate of, or a senior in, an accredited high school (G.E.D., is also [...]"
APS/IBM Research Internship for Undergraduate Women,1/31/2023,"$8,000","Applicants for the APS/IBM Research Internship for Undergraduate Women must be female, including all students who present or identify as women and/or trans women, with sophomore or junior standing at a U.S. college or university at the time of application. Students must also be majoring in chemistry, physics, materials science/engineering, computer science/engineering, chemical, electrical, [...]"
ARC of Washington Trust Fund Research Grants,8/3/2022,Varies,"Since 1950 the Arc of Washington Trust Fund has promoted research on the causes, prevention, and treatment of intellectual disabilities and its personal, social, and legal consequences. The Trust provides grants to researchers in the states of Washington, Oregon, Alaska or Idaho and in British Columbia. Because the Arc Trust Fund is small compared to public funding sources, preference is given to [...]"
AREMA Undergraduate and Graduate Scholarships,12/8/2022,"$10,000","The AREMA Educational Foundation provides scholarships to engineering students who are specializing in the railway industry and supports other educational and training endeavors that help to ensure the future of the profession. General criteria for all scholarship applicants include having an interest in railway engineering, maintaining a minimum GPA of 2.0, and being available for interview by [...]"
ARRL Charles Clarke Cordle Memorial Scholarship,12/31/2022,"$1,000","The ARRL Charles Clarke Cordle Memorial Scholarship is an award for amateur radio operators. Applicants must possess an active Amateur Radio License Class; be a resident of Georgia or Alabama, and have a minimum 2.5 GPA. Students must also be enrolled at an accredited institution in Georgia or Alabama. For more information or to apply, please visit the scholarship provider's website. [...]"
ASNT Engineering Undergraduate Scholarship,12/15/2022,"$3,000",The purpose of the ASNT Engineering Undergraduate Scholarship is to provide an incentive to engineering undergraduate students enrolled in ABET-accredited engineering programs to choose nondestructive testing and evaluation as their field of specialization. Applicants must be undergraduate students enrolled in colleges and universities in the United States with recognized engineering department [...]
ASNT Fellowship Award,10/15/2022,"$20,000","The ASNT Fellowship Award is a cash award, currently up to $20,000 per award, granted to an ABET-accredited educational institution to fund specific research in NDT at the postgraduate level (MS or Ph.D). The application should be in the form of a proposal for a graduate level research project from the university outlining what the program or graduate study activity will consist of and how long [...]"
Association for Iron & Steel Technology Scholarships,10/31/2022,"$3,000","The Association of Iron and Steel offers scholarships to students majoring in the following programs: metallurgy,  materials science, electrical engineering, mechanical engineering, chemical engineering, industrial engineering, environmental science/engineering, and computer science. The list of the different named scholarships and their specific eligibility requirements can be found at the [...]"
Automotive Hall of Fame Scholarships,6/30/2022,Varies,The Automotive Hall of Fame Scholarships are available for incoming freshmen and upper-level undergraduate students. All of the scholarships are based on financial needs and with the usual minimum GPA requirement of 3.0. To be eligible for a scholarship you must: submit a completed application form indicating a sincere interest in an automotive career; submit two letters of recommendation [...]
Automotive Women's Alliance Foundation Education Scholarship,Varies,"$2,500","Scholarships are at the root of our purpose in Automotive Women's Alliance Foundation (AWAF). As an active professional foundation dedicated to supporting the advancement of automotive professionals, AWAF strives to motivate current and future students studying an automotive-related field. Applicants must have a minimum 3.0 GPA in order to apply. Scholarships are awarded quarterly. For more [...]"
Banatao Family Filipino American Education Fund,2/28/2023,"$20,000","The Banatao Family Filipino American Education Fund will award five scholarships of $5,000 to qualified incoming freshmen enrolled at four-year colleges or universities. Each scholarship is renewable for a total of four years on the basis of satisfactory academic performance in a full-time undergraduate program."
Benjamin A. Gilman International Scholarship Program,Varies,"$5,000","Benjamin A. Gilman International Scholarship Program is a grant program that enables students of limited financial means to study or intern abroad, thereby gaining skills critical to our national security and economic competitiveness. The Gilman Scholarship Program is open to U.S. citizen undergraduate students who are receiving Federal Pell Grant funding at a two-year or four-year college or [...]"
Betty Harlan Memorial Art Scholarship,2/1/2023,Varies,"The Betty Harlan Memorial Art Scholarship provides educational resources to students pursuing a degree in the visual arts. Applicant must be a graduating senior from a public or private high school who resides in Boone, Ogle, or Winnebago County,"
Betty Stevens-Frecknall Scholarship,5/31/2022,"$2,000","The Betty Stevens-Frecknall Scholarship is a prestigious national academic scholarship that is not limited to a particular college or university.  Recipients must be full-time university students pursuing an academic degree in an information technology field. The selection committee will choose the scholarship recipients on the basis of scholastic ability, leadership potential and financial need. [...]"
Blacks at Microsoft Scholarship,3/8/2022,"$20,000","Blacks at Microsoft (BAM) is a company-sponsored employee network dedicated to supporting the continued growth and development of black employees at Microsoft Corporation. Applicants must be high school seniors of African descent (for example, African-American, African, or Ethiopian)  with a minimum 3.3 GPA and financial need. Applicants must plan to attend a four-year college or university in [...]"
BMW/SAE Engineering Scholarship,3/15/2022,"$6,000","This annual scholarship is provided by BMW AG in recognition of its commitment to excellence in engineering. This scholarship is in support of the SAE Foundation to ensure an adequate supply of well-trained engineers for the future. One scholarship will be awarded each year for $1,500 per year. Scholarships may be renewed at $1,500 a year for three (3) additional years. Applicants must be U.S. [...]"
Boston University’s Noyce Scholarship Program In Math,Varies,Varies,"Boston University offers scholarships (through the Robert Noyce Program) for talented STEM majors and STEM professionals to become mathematics teachers. Noyce Scholars at Boston University receive 100% tuition support, a master’s degree and initial teacher licensure, and job-placement assistance. Eligible applicants must have an undergraduate degree in mathematics or related field, be legal US [...]"
BSU Letterman Telecommunications Scholarship,4/10/2022,"$10,000","The purpose of the BSU Letterman Telecommunications Scholarship is to provide financial assistance to Ball State majors and minors in telecommunications. Applicants must have between 30-102 semester hours, effective the end of the fall semester, be a full-time, Ball State telecommunications major or minor enrolled in a minimum of 12 semester hours at the time of application, and continue as a [...]"
Builders League of South Jersey Scholarship Foundation,4/24/2022,"$5,000","The Builders League of South Jersey Scholarship Foundation has announced that scholarships are available for area students for the school year. Scholarships will be awarded to students from southern New Jersey, who will be matriculating in an accredited post-secondary school and pursuing a course of study related to real estate and the construction industry. Applicants must live in or attend [...]"
Center for Women In Technology (CWIT) Scholars Program at UMBC,1/15/2023,"$22,000","The Center for Women In Technology (CWIT) at the University of Maryland Baltimore County (UMBC) is a merit-based scholarship program for talented female undergraduates majoring in computer science, information systems, business technology administration (with a technical focus), computer engineering, mechanical engineering, chemical/biochemical/environmental engineering, or a related program at [...]"
CITe Current Student Tuition Scholarship,2/1/2023,Varies,"The CITe Current Student Tuition Scholarship was established to recognize current Information Systems and majors who demonstrate academic excellence. It is awarded to students at any level (freshman, sophomore, junior, or senior) and is renewable. Applicant must be a current undergraduate Information Systems major enrolled on a full-time basis and must have a minimum 3.0 GPA. To remain eligible [...]"
CITe Incoming Student Tuition Scholarship,1/14/2023,"$2,000",The CITe Incoming Student Tuition Scholarship was established to recruit outstanding students to the college’s Information Systems program. Applicant must be an incoming freshman with a high school GPA of at least 3.0 and an ACT score of at least 22 or SAT score of at least 1010. Must be an Information Systems major. Recipients of the scholarship will be selected by the CITe Scholarship [...]
CITe Minor Student Tuition Scholarship,2/15/2023,$500,"The CITe Minor Student Tuition Scholarship was established to recognize current information systems minors who demonstrate academic excellence. It is awarded to students at any level (Junior or Senior) and is renewable. Applicant must be a current full-time undergraduate student with a minimum 3.0 GPA with an Information Systems minor. To remain eligible for this scholarship, the recipient must [...]"
CMAA Mid-Atlantic Chapter Scholarship,3/15/2022,Varies,"The Mid-Atlantic Chapter of the Construction Management Association of America (MAC CMAA), awards a limited number of scholarships to qualified students to help them defray the costs of pursuing a degree in construction management or a related-degree program. Applicants must have completed a minimum of one full academic year of studies and must have a minimum of one full academic year remaining [...]"
Connecticut Building Congress Scholarships,3/4/2022,Varies,"The Connecticut Building Congress Scholarship Fund offers scholarships to graduating Connecticut high school students entering college-level programs in architecture, construction-related engineering (e.g. civil, electrical, environmental, mechanical or structural), construction management, landscape architecture, surveying, planning or other courses of study leading to associate, baccalaureate, [...]"
CPS Energy SAFE Program,Varies,Varies,"The CPS Energy Student Assistance for Education (SAFE) Program is open to highly-successful, incoming high school juniors who are interested in pursuing a college degree in fields related to the energy industry. Applicants must reside in CPS Energy service area, be at least 16 years old and have a GPA of 3.0 or higher. Students chosen will participate in full-time summer employment with CPS [...]"
Daedalian Foundation Descendants Scholarships,Varies,Varies,"To further the Objectives of the Order of Daedalians insofar as assisting in the education of deserving young persons in the fields of aerospace engineering and flight, and encouraging those young people who receive valuable aerospace training to pursue a military career, the Daedalian Foundation has established a Descendants Scholarship Program for descendants of Daedalian members. The [...]"
Davidson Fellows Scholarship,2/23/2023,"$50,000","The Davidson Fellows Scholarship awards scholarships to extraordinary young people, 18 and under, who have completed a significant piece of work. Application categories are Science, Technology, Engineering, Mathematics, Literature, Music, Philosophy and Outside the Box. Davidson Fellows are honored every year in Washington, D.C. with Congressional meetings and a special reception. Applicants must [...]"
DOE Computational Science Graduate Fellowship,1/15/2023,Varies,"The DOE CSGF trains scientists to meet the nation's workforce needs and helps to create a nationwide interdisciplinary community. The fellowship provides support and guidance to some of the nation's best scientific graduate students and these graduates now work in DOE laboratories, private industry, and educational institutions. Open only to full-time students and legal US residents. For more [...]"
ECS Biannual Meeting Travel Grants,Varies,Varies,"Many ECS divisions and sections offer travel grants to undergraduates, graduate students, postdoctoral researchers, and young professionals & faculty presenting papers at ECS biannual meetings. Applications must be received no later than submission deadlines. Divisions/Sections may have additional application requirements. Applicants must be current ECS members. A formal abstract submission is [...]"
Eleanor K. Buckley Memorial Scholarship,Varies,"$2,500","To be eligible for the Eleanor K. Buckley Memorial Scholarship, applicants must currently be a first, second, or third year student in a course of study at a college or university leading to a degree in construction, construction management, architecture, civil, mechanical, electrical or structural engineering. This scholarship is not open to high school students. For more information or to [...]"
Elevate Scholarship Program,3/15/2022,$500,"Elevate is giving away scholarships to high school seniors who are attending an Iowa Community College in the fall for a career in advanced manufacturing. Examples of eligible training programs include welding, computer numerically controlled (CNC) machining, industrial automation, industrial maintenance, robotics, tool and die, and transportation and logistics. For more information or to apply, [...]"
Elizabeth Garde National Scholarship,3/1/2022,$850,"To be eligible for the Elizabeth Garde National Scholarship, applicants must have a 3.0 GPA and be a post- high school student or graduate student seeking a degree in nursing or other medical professions. A person can only receive this award once. For more information or to apply, please visit the scholarship provider's [...]"
Elms College STEM Scholarships,2/1/2023,"$10,000","The Elms College Elm STEM program, supported by a grant from the National Science Foundation, awards scholarship funds to students who major in STEM fields and attend Elms College full-time. In order to apply, you must be a prospective full-time, first-year student at Elms College; be a prospective major in biology, computer information technology, chemistry, or mathematics, except for clinical [...]"
EPOC Environmental Scholarship Fund,4/30/2022,Varies,"The purpose of the EPOC Scholarship Fund is to assist Connecticut residents, or an immediate family member (spouse or child) of an EPOC Member in good standing, who are attending an accredited college or university (CT colleges or out of state colleges) and have declared majors pertinent to the environmental field. The scholarships are awarded annually to junior, senior, and graduate level [...]"
EPP Undergraduate Scholarship Program,1/31/2023,"$45,000","The EPP/MSI Undergraduate Scholarship provides funds for two years of undergraduate study majoring in Science, Technology, Engineering, and Mathematics (STEM) discipline related to NOAA's programs and mission. The program is targeted toward students who have completed their sophomore year and are attending minority-serving institutions (MSIs). You must be a U.S. citizen or U.S. national who is [...]"
Ernest F. Hollings Undergraduate Scholarship,1/31/2023,"$19,000","The Ernest F. Hollings Undergraduate Scholarship Scholarship Program provides successful undergraduate applicants with awards that include academic assistance for two years of full-time study and a 10-week, full-time paid internship at an NOAA facility during the summer. Applicants must be U.S. citizens, currently enrolled or accepted as a full-time second-year student in a four-year academic [...]"
Executive Women's Forum INI Fellowship,Varies,Varies,"The Information Networking Institute (INI) partners with the Executive Women's Forum (EWF) to offer a full scholarship to an incoming INI student. Awardees, known as EWF-INI Fellows, receive a full scholarship and have the opportunity to be mentored by an EWF participant who is at a senior level in the information security field. Applicants must be admitted to an INI graduate program; have an [...]"
Fontana Transport Inc. Scholars Program,3/14/2022,"$5,000","The Fontana Transport Inc. Scholars Program is open to underrepresented, low-income and first-generation college-bound students. Students must be pursuing an undergraduate degree full-time in transportation, math, science, engineering, architecture, environmental design, PreMed, psychology, Spanish language/literature. The applicant does not have to be a U.S. citizen but must have a minimum 3.5 [...]"
Franklin D. Boyce Annual Health Scholarship,Varies,"$2,500","The Franklin D. Boyce Annual Health Scholarship is available to residents of the City of Hopewell and the following localities: Prince George, Colonial Heights, Petersburg, Fort Lee, Dinwiddie, Sussex, Surry, Chesterfield (South of Rt. 288 and East of Ironbridge Road), Charles City and Varina (Southeast Henrico, south of I-64). Student interns working for John Randolph Foundation are eligible to [...]"
Fukunaga Scholarship Foundation,2/21/2023,"$20,000",The Fukunaga Scholarship Foundation's scholarships are awarded to encourage high school students in the State of Hawaii who want to have a career in Business to pursue higher education at any accredited four­-year college or university.  College students meeting the requirements are also eligible to apply.
Gill-Elliott Scholarship,3/4/2022,"$2,000","The Gill-Elliott Scholarship is offered to a graduating senior from Highlands High School who demonstrates excellent academic achievement and who plans to pursue a degree in science, technology, engineering, math or pre-medicine. Applicant must have a cumulative unweighted GPA of 3.5 or higher and a composite ACT score of at least 28 or SAT score of at least 1250. For more information or to [...]"
Gladys Carol Scholarship,3/31/2022,"$5,000","The Gladys Carol Scholarship Program is open to high school seniors, high school graduates, and current undergraduate level students who are United States citizens or permanent residents. Applicants must be pursuing a full-time STEM (Science, Technology, Engineering or Math) degree at an accredited, non-profit public or private four-year college or university in the United States. A minimum [...]"
"GRCF Armando ""Frank"" Quaglia Veteran's Scholarship",4/1/2022,Varies,"To be eligible for the Armando ""Frank"" Quaglia Veteran's Scholarship, students must be from Kent or Ionia County and are a veteran or family member (spouse, child, or step-child) of a veteran of the United States Armed Forces attending an accredited four-year college or university full-time majoring in engineering or a medical/healthcare field. Applicants must have financial need and a minimum [...]"
GRCF Economic Club Business Study Abroad Scholarship,4/1/2022,Varies,"To be eligible for the GRCF Economic Club Business Study Abroad Scholarship, applicants must be a full-time second year or above undergraduate or graduate student pursuing a degree in business and will be studying abroad through a public or private college or university. Candidates must be a resident of Kent, Allegan, Ottawa, or Muskegon County (3 year minimum) or a resident student at a [...]"
GRCF Joshua Esch Mitchell Aviation Scholarship,3/1/2022,Varies,"To be eligible for the Joshua Esch Mitchell Aviation Scholarship, students must be United States citizens, enrolled full- or part-time at a college or university in the United States providing an accredited flight science curriculum. Applicants must be second year students or above or a first year student graduating from West Michigan Aviation Academy with a minimum 2.75 GPA pursuing [...]"
Hyundai Scholarship,3/5/2022,"$20,000",Hyundai Scholarships of up to full tuition (fees excluded) are awarded for the period of one academic year for J-1 or U.S. citizens that are incoming and studying full-time at the PhD or Master's level at GWU in the School of Engineering and Applied Science or the School of Business. Awards are made annually to both South Korean and U.S. citizens. Korean Applicants are expected to return to Korea [...]
IEEE Charles LeGeyt Fortescue Scholarship,5/4/2022,"$24,000","The IEEE Charles LeGeyt Fortescue Scholarship is awarded annually for one year of full-time graduate work in electrical engineering at an engineering school of recognized standing located in the US. To be eligible, the student must be a resident of the United States of America, have majored in the field of electrical engineering, and have received a bachelor's degree from an engineering college [...]"
IEEE Life Members' Fellowship in Electrical History,2/1/2023,"$25,000","The IEEE Life Member History Fellowship supports one year of full-time graduate work or one year of post-doctoral research for a scholar in this field who has received his or her Ph.D. within the past four years in the history of IEEE's designated fields. These are defined per IEEE Bylaw I-104.11 as: Engineering, Computer Sciences and Information Technology, Physical Sciences, Biological and [...]"
IIE Society for Health Systems Scholarship,11/15/2022,"$1,000","The Society for Health Systems Scholarship is available to undergraduate students enrolled full-time in any school in the United States and its territories, Canada and Mexico, provided: (1) the school’s industrial engineering program or equivalent is accredited by an agency or organization recognized by IISE; and (2) the student is pursuing a course of study in industrial engineering and [...]"
Indian Health Service Scholarships,3/28/2022,Varies,"The Indian Health Service (IHS) offers three scholarships for American Indian and Alaska Native students in order to educate and train health professionals to staff Indian health programs. Eligible applicants must have a 2.0 GPA, be a high school graduate or equivalent, and males must register for Selective Service. For more information or to apply, please visit the scholarship provider's [...]"
Indiana Engineering Scholarships,5/1/2022,"$1,000",The Indiana Society of Professional Engineers has established a scholarship to aid Indiana students interested in pursuing engineering careers.
Interpublic Group Scholarship and Internship,1/31/2023,Varies,The Interpublic Group Scholarship and Internship is awarded to an ethnically diverse student who is currently a college junior and has a demonstrated interest in a career in advertising or public relations. Candidates must be able to fulfill a paid internship during the summer prior to the academic year the scholarship is awarded. Eligible applicants must: be U.S. citizens or permanent residents [...]
ISA Educational Foundation Scholarships,2/15/2023,Varies,"ISA Educational Foundation Scholarships are awarded to college or university students who demonstrate outstanding potential for long-range contribution to the fields of automation and control. Applicants must be enrolled in a two-year degree, undergraduate, or graduate program. Two-year program applicants must have completed at least 1 semester or the equivalent of 12 credit hours and four-year [...]"
IWSH Essay Scholarship Contest,4/30/2022,"$1,000","IAPMO formed the foundation - the International Water, Sanitation and Hygiene Foundation (IWSH) - to help provide safe access to clean water and sanitation systems. The IWSH Essay Scholarship Contest asks students to respond to the prompt with an essay between 800 and 1,600 words. Applicants must be a current high school senior; or enrolled or accepted as a full-time student in an accredited [...]"
James M. & Erma T. Freemont Scholarship Program,2/4/2023,"$2,500","The Freemont Foundation Scholarship Program is available to graduating high school seniors, undergraduate, and graduate students. Selected from a nationwide pool of applicants, qualified recipients will become Freemont Scholars. The applicant must be a graduating high school senior who plans on attending an HBCU or an undergraduate student who currently attends an HBCU). Graduate students who are [...]"
Jim & Anna Hyonjoo Lint Scholarship,7/31/2022,"$1,500","The Jim & Anna Hyonjoo Lint National Security Scholarships offers to help further the education and career development of scholars, especially in the areas of International Affairs, Counterintelligence and National Security. Workers in these fields and their children are encouraged to apply with the goal of improving national security and global understanding. The application requires a 600-800 [...]"
Josef Princ Memorial Scholarship,1/31/2023,"$2,000","Clark County school district male seniors who are of European descent may apply for the Josef Princ Memorial Scholarship. Applicants must also have a minimum 3.5 GPA, demonstrate financial need and planning to attend an accredited post-secondary college or university majoring in engineering, mathematics or science. Applicants must write a 400-500 essay on questions such as: ""What do you find most [...]"
Judith A. Sanders Memorial Scholarship,4/15/2022,"$1,000","The Judith A. Sanders Memorial Scholarship is awarded annually to a student from the rural community of Graves County in Western Kentucky. In order to be considered for this scholarship, an applicant must currently be attending Graves County High School or Mayfield High School as a senior. The student must also be planning to attend college to pursue a degree in a computer technology related [...]"
Keep Retro Alive Scholarship,3/31/2022,Varies,"The ""Keep Retro Alive"" Scholarship shall be provided to under-graduate students enrolled in a full-time basis, actively pursuing a degree in Computer Science in The College of Sciences at the University of Texas at San Antonio. Applicants must have and maintain a minimum cumulative grade point average of 2.5. Preference will be given to students who have reached junior or senior status and have [...]"
Kentucky Student Technology Leadership Program (STLP) Scholarship,3/1/2022,"$1,000","The Kentucky Student Technology Leadership Program (STLP) Scholarship is open to students from schools in Kentucky who have a passion for using technology skills to make a positive social change in the world or at home in their communities. In order to be considered for this scholarship, an applicant must currently be attending a rural high school as a senior in the state of Kentucky and be an [...]"
Kris Paper Legacy Scholarship For Women In Technology,4/15/2022,"$1,500","The Kris Paper Legacy Scholarship for Women in Technology provides an annual scholarship to a graduating female high school senior or returning female college student who intends to further their education at a two-year or four-year college, university, vocational, or technical school and will be seeking a degree in a technology-related field. The students eligible for assistance shall be [...]"
Lemelson-MIT Student Prize,9/25/2022,"$15,000","The Lemelson-MIT Student Prize is an invention competition recognizing outstanding teams of undergraduates and individual graduate students across the country for their tested prototypes of tech-based inventions in healthcare, food and agriculture, transportation, and consumer devices. Eligibility: -Must be a full-time, matriculated, degree-seeking student in the upcoming spring semester at a [...]"
"Material Handling Education Foundation, Inc. Scholarship",1/31/2023,"$6,000","The Material Handling Education Foundation, Inc. is an independent charitable organization with a mission to engage and attract students to the material handling, logistics and supply chain industry by providing financial support. Undergraduate students pursuing a material handling, logistics or supply chain career are eligible to apply, and they must be enrolled full-time at any non-profit [...]"
Medical Research Scholarships,3/15/2022,"$2,500","To apply for the Medical Research Scholarships, you must have completed the appropriate undergraduate education and be currently pursuing an advanced degree in a medical-related field, with the exception of nurses, who may apply as undergraduates. [Undergraduate nursing students doing pre-nursing studies are not eligible to apply; applicants must be in nursing studies to apply.] Preference will [...]"
Mel C. Marshall Student Scholarship,Varies,$500,"The Mel C. Marshall Student Scholarship was developed to encourage high school seniors or college students to enroll in careers related to the precast concrete industry and to provide opportunities for those students who receive financial support to liaise with CPCA. Scholarship applications are requested by October 31 for the academic year beginning the following fall, and by April 30 for the [...]"
Melissa Anne Centrella Scholarship Foundation,3/15/2022,Varies,"Each year, Melissa's Hope awards several scholarships to New Jersey students pursuing careers in nursing, medical sciences, or a medical technical field. For more information or to apply, please visit the scholarship provider's [...]"
MIT THINK Out of the Box Scholars Program,1/1/2023,"$1,000","The MIT THINK Scholars Program is an educational outreach initiative that promotes science, technology, engineering, and mathematics by supporting and funding projects developed by high school students. The program is run by a team of undergraduate students at the Massachusetts Institute of Technology (MIT) and sponsored by technology companies and educational organizations as part of MIT TechX. [...]"
NACE Foundation Academic Scholarship,1/1/2023,Varies,"To be eligible for the NACE Foundation Academic Scholarship, applicants must: be enrolled full-time in an undergraduate program engaged in science and/or engineering related to the study of corrosion or corrosion control at an accredited college or university; or, be enrolled in 2-year or junior college (post-doctorate  students are not eligible). For more information or to apply, please visit [...]"
NACME Scholars (Block Grant) Program,Varies,"$16,000","Through the NACME Scholars Program, NACME provides block grants to colleges and universities that, in turn, award the money to talented African American, American Indian, and Latino students enrolled in engineering programs as part of their financial aid packages. The NACME’s Scholars (Block Grant) Program provides minority college scholarship support in the form of a lump sum grant to partner [...]"
National GEM Consortium Fellowships,11/15/2022,"$16,000","GEM offers MS and Ph.D. level students an outstanding opportunity and access to dozens of the top engineering and science firms and Universities in the nation. The GEM Fellowship was designed to focus on promoting opportunities for individuals to enter the industry at the graduate level in areas such as research and development, product development, and other high-level technical careers. GEM [...]"
National Space Club Keynote Scholarships,12/2/2022,"$10,000","Since 2013, The National Space Club and Foundation has offered the opportunity for a student to give the keynote address at the National Space Club and Foundation's annual Goddard Memorial Dinner, one of the space industry's most prestigious gatherings. The student must intend to pursue a career in the Science, Technology, Engineering or Mathematics (STEM) fields, be academically strong and excel [...]"
Naugatuck Valley Medical Scholarship Fund,4/1/2022,Varies,"The Naugatuck Valley Medical Scholarship Fund (NVMSF) is a fund dedicated to financially assisting graduating high school seniors who plan to major in a medical or biomedical field. The NVMSF extends scholarships to students in the lower Naugatuck Valley area of Connecticut, which is made up of the towns of Ansonia, Derby, Seymour, Shelton, Oxford, and Beacon Falls. Applicants must have a GPA of [...]"
NCWIT Award for Aspirations in Computing,11/5/2022,Varies,"The NCWIT Award for Aspirations in Computing (AiC) honors 9th-12th grade students who self-identify as women, genderqueer, or non-binary for their computing-related achievements and interests, and encourages them to pursue their passions. Applicants must be thirteen years or older, attend school in the U.S., Puerto Rico, Guam, the U.S. Virgin Islands, or on a U.S. overseas military base, and to [...]"
NDSGC American Indian Scholarship,Varies,Varies,"The recently established prestigious American Indian Scholarship is designed to encourage and support Native American students interested in pursuing STEM degrees and continuing their education beyond their current enrollment in community college. Eligible applicants must be undergraduates attending a North Dakota tribal college (United Tribes Technical College, Sitting Bull Community College, [...]"
NDSGC Lillian Goettler Scholarship,2/15/2023,"$2,500","The NDSGC has established the prestigious Lillian Goettler Space Grant Award for a female student at North Dakota State University. Applicants must be majoring in a STEM (Science, Technology, Engineering, or Mathematics) field, have a 3.5 GPA, and be a US citizen. For more information or to apply, please visit the scholarship provider's [...]"
NDSGC Pearl I. Young Scholarship,2/15/2023,"$2,500","The NDSGC has established the prestigious Pearl I. Young Space Grant Award for a student at the University of North Dakota. Applicants will ideally be involved in a research project of NASA relevance. Eligible applicants must: have female gender identity or outside the gender binary, be majoring in a STEM (Science, Technology, Engineering, or Mathematics) or STEM Education field, have a 3.5 GPA, [...]"
Nellie Martin Carman Scholarship Fund,3/1/2022,"$2,000","The Nellie Martin Carman Scholarship is available to graduating seniors from public high schools in King, Pierce, and Snohomish counties in Washington state (and a US citizen). Application forms are only available through these high schools and candidates for the scholarship are nominated by their school each year. Scholarships are renewable for four years of college in the state of Washington. [...]"
New York Central Railroad Memorial Scholarship,12/10/2022,"$1,000","To be eligible for the New York Central Railroad Memorial Scholarship, applicants have completed at least one quarter or semester in an accredited four or five year engineering or engineering technology undergraduate/graduate degree program. Priority is given to a student at Clarkson University. Must maintain a 2.5 GPA. For more information or to apply, please visit the scholarship provider's [...]"
NHA Past Chairs' Legacy Scholarship,2/15/2023,"$2,500","NHA created the Past Chairs' Legacy Scholarship (originally called the ""NHA Past Presidents' Legacy Scholarship"") to encourage students to consider becoming part of the U.S. hydropower industry. Our growing industry has professionals in many different fields, including engineering, IT, biology, environmental sciences, forestry, hydrology, animal sciences, management, financial services, [...]"
NIH Undergraduate Scholarship Program,3/17/2022,"$80,000","The National Institutes of Health (NIH) Undergraduate Scholarship Program offers competitive, prestigious scholarships to students from disadvantaged backgrounds who are committed to careers in biomedical, behavioral, and social science health-related research. The program offers scholarship support, paid research training at the NIH during the summer, and paid employment and training at the NIH [...]"
North Dakota Space Grant Consortium Undergraduate Scholarship,2/15/2023,Varies,"North Dakota Space Grant will continue to provide scholarship funding for outstanding students at North Dakota's public two- and four-year colleges and universities. Scholarships, which are designed for students pursuing STEM degrees that support NASA research and technology needs, are awarded for both the fall and spring semesters. NDSU/UND undergraduate students are not eligible for [...]"
NSF Graduate Research Fellowship Program,Varies,Varies,"The National Science Foundation's Graduate Research Fellowship Program helps ensure the vitality of the human resource base of science and engineering in the United States and reinforces its diversity. The prestigious program recognizes and supports outstanding graduate students in NSF-supported science, technology, engineering, and mathematics (STEM) disciplines who are pursuing research-based [...]"
NSHSS STEAM Scholarships,4/15/2022,"$1,000","The NSHSS Foundation provides STEAM scholarships to high school seniors with a minimum GPA of 3.0 and a demonstrated desire to major in any area of science, technology, engineering, arts or mathematics, including any area related to the medical field. Requirements include a personal statement, a list of STEAM activities, photo, transcript, and educator recommendation. For more information or to [...]"
Olin E. Teague Memorial Scholarship,10/11/2022,"$4,000","The National Space Club and Foundation offers a scholarship each year in memory of the Honorable Olin E. Teague. The scholarship is awarded to a graduating high school senior at an accredited U.S. high school. The student must be a U.S. Citizen. This scholarship program is intended to encourage talented young people to pursue careers in aerospace fields. For more information or to apply, please [...]"
Out To Innovate Scholarships for LGBTQ+STEM Students,6/6/2022,"$5,000","NOGLSTP established the Out To Innovate Scholarships for LGBTQ STEM students which are intended for undergraduate and graduate students pursuing degrees in science, technology, engineering, or mathematics (STEM) programs who are either lesbian, gay, bisexual, transgender, queer or an active ally of the LGBTQ community. One scholarship will go to an undergraduate student, and one will go to a [...]"
Pacific Gas & Electric Company Asian ERG Scholarship,2/5/2023,Varies,"The Pacific Gas & Electric Company Asian ERG Scholarship provides an effective forum for members to enhance skills, knowledge and experience. All majors eligible; encouragement given to engineering, IT, business, environmental or energy-related emphasis. Eligible applicants must be a high school senior, have a 3.0 GPA, and have a residence that is a PG&E customer in California for at least 6 [...]"
Pacific Gas & Electric Company Women's Network ERG Scholarship,2/5/2023,Varies,"The Pacific Gas & Electric Company Women's Network ERG Scholarship promotes, develops and celebrates the community of women working at PG&E. Eligible majors are non-medical science, technology, engineering, mathematics, business, energy fields and public policy. Eligible applicants must be female high school seniors, have a 3.0 GPA, and have a residence residence that is a PG&E customer in [...]"
Parkinson's Disease Foundation Summer Student Fellowship Program,12/1/2022,"$4,000","The Summer Student Fellowships Program supports students, specifically advanced undergraduates and medical students, in their pursuit of Parkinson's-related summer research projects. The goal of the Parkinson's Foundation Summer Student Fellowships is to cultivate students' early interest in helping to solve, treat and end Parkinson's and providing the tools they need to transition into leaders [...]"
PMI Alaska Chapter Scholarship,5/1/2022,"$2,500","The PMI Alaska Chapter Scholarships are for applicants who are enrolled in or applying for an accredited undergraduate, graduate or doctoral academic degree program in project management or a related field benefitting from project management with the following order of priority: 1st priority: a member of the PMI Alaska Chapter who is a resident of Alaska attending or planning to attend an [...]"
PMI Eastern Iowa Chapter Scholarship,5/1/2022,"$1,000","The PMI Eastern Iowa Chapter has sponsored an endowed academic scholarship fund to provide an annual scholarship valued at up to $1,000 for undergraduate and graduate students. Applicants must be enrolled in or applying for an accredited academic degree program in project management or a related field benefiting from project management. Priority is given to children (or a stepchild) of a member [...]"
PMI New York City Chapter Scholarship,5/1/2022,"$2,500","In order to be considered eligible for the PMI New York City Chapter, applicants must be enrolled in or applying for an accredited academic degree program in project management, and/or a field that benefits from project management (i.e., science/engineering, hotel management, information technology, pharmaceutical, business administration, construction, human resources, educational [...]"
PMI North Carolina Chapter Scholarship,5/1/2022,"$2,500","The PMI North Carolina Chapter Scholarship is offered to students enrolled in or applying for an accredited academic degree program in project management or a related field. Priority, in order from most to least, is given to: residents of North Carolina; anyone planning to attend or currently attending a school in North Carolina; anyone planning to attend or currently attending a school in South [...]"
PMI Phoenix Chapter Scholarship,5/1/2022,"$2,500","The PMI Phoenix Chapter is open to students who are pursuing undergraduate, graduate or doctoral degrees in Project Management or related fields of study. Must be residents of Arizona. For more information and or to apply, please visit the scholarship provider's website. [...]"
PMI Ray Piper Global Project Management Education Scholarship,5/1/2022,"$1,000","To honor the memory of Ray Piper, Ray's friends are sponsoring the Ray Piper Global Project Management Education Scholarship in the amount of $1,000. This academic scholarship is open to any student enrolled in or applying for an accredited undergraduate academic degree program in project management or a related field of study at any college or university anywhere in the world. For more [...]"
PMI Robert J. Yourzak Scholarship Award,5/1/2022,"$2,000","The Robert J. Yourzak Scholarship Fund, sponsored by the PMI Minnesota Chapter, is an academic scholarship valued at up to US$2,000 and is open to all students pursuing graduate or undergraduate degrees in Project Management or related fields of study from accredited, degree-granting colleges and universities anywhere in the world. For more information or to apply, please visit the scholarship [...]"
PMI Silver Spring Chapter Scholarship,5/1/2022,"$2,500",The PMI Silver Spring Chapter is offered to applicants enrolled in or applying for an accredited academic degree program in project management or a related field benefiting from project management. First priority is given to residents in the National Capital Area (see website for details) attending or planning to attend an accredited undergraduate or graduate degree program anywhere. Second [...]
PMI Tulsa Chapter Scholarship,5/1/2022,"$2,500","In order to be considered eligible for the PMI Tulsa Chapter Scholarship, applicants must be enrolled in or applying to a project management degree program or a related field benefiting from project management with the following order of priority: a member of the PMI Tulsa Chapter or an immediate family member (including spouse, children, step-children and grandchildren but not cousins, aunts, or [...]"
PSGC Graduate Research Fellowship Program at Penn State,3/1/2022,"$5,000","The Pennsylvania Space Grant Consortium will award one-year fellowships to outstanding students to promote graduate study, leading to masters or doctoral degrees in the fields of science, technology, engineering, and mathematics (STEM) and humanities related to NASA research and development. A primary objective of NASA’s Space Grant Program is to attract, recruit and train U.S. citizens, [...]"
PSGC Undergraduate Scholarship,3/1/2022,Varies,"In one of several efforts to promote higher education in STEM (Science, Technology, Engineering, or Mathematics) disciplines, the Pennsylvania Space Grant Consortium (PSGC) offers financial support to undergraduate students through an annual state-wide scholarship program. A limited number of one-year scholarships for the upcoming academic year will be awarded to outstanding undergraduate [...]"
Richard T. Gates Engineering and Technology Endowed Challenge Scholarship,3/16/2022,"$4,000","The Richard T. Gates Engineering and Technology Endowed Challenge Scholarship was established to assist worthy and able students in pursuing a bachelor of science degree in engineering or technology. In order to apply, you must have been born in Vermont, have parent(s) who are legal residents of Vermont and currently attend a Windham County high school or Springfield High School. Must seek a [...]"
Rocky Mountain Coal Mining Engineering/Geology Scholarship,2/1/2023,"$5,500",The Rocky Mountain Coal Mining Engineering/Geology Scholarship is offered to students at a four-year school entering their junior or senior year. Students must be a U.S. citizen and a resident of one of the eight RMCMI member states (see website for details) and looking for a career in the coal industry. The scholarships may be given for up to two years.
Roosevelt Archival Internships,3/15/2022,Varies,"The Roosevelt Library seeks a summer intern to work in its Archives Department. The Library offers a limited number of paid internships in the summer and occasionally offers internships for credit during the spring and fall. Preference may be given to students majoring in history, political science, archival, library, or computer/information science. Current undergraduates, recent graduates, and [...]"
Roy E. Jorgensen Memorial Scholarship,7/31/2022,"$15,000","The Roy E. Jorgensen Memorial Scholarship is awarded to an undergraduate college senior or graduate student enrolled at a school of engineering. Preference is given to qualifying residents of Maryland. For more information or to apply, please visit the scholarship provider's website. [...]"
SAPA Scholarship & Excellence in Education Program,7/6/2022,"$1,000","The primary purpose of SAPA Scholarship is to recognize and support educational excellence achieved by outstanding high school students, and to encourage the finest high school graduates to develop careers in life sciences. SAPA will award undergraduate scholarships to selected candidates, known as SAPA Scholars, in September for use during their college freshman year. The awards will be made on [...]"
SEMA Memorial Scholarship Fund,3/5/2022,"$5,000","The SEMA Memorial Scholarship Fund is dedicated to fostering the next generation of automotive aftermarket industry leaders and innovators. Assistance is available for career paths in the automotive industry in accounting, engineering, race car driver/crew, administration information technology, sales/marketing, advertising, business, manufacturing, technician, design/graphics, [...]"
Sharon D. Banks Memorial Undergraduate Scholarship,10/21/2022,"$5,000",The Sharon D. Banks Memorial Undergraduate Scholarship is awarded to women pursuing undergraduate studies in transportation or a related field. Eligible applicants must: have a 3.0 GPA; either graduated from an Oregon or southwest Washington high school or currently enrolled in a college in Oregon or southwest Washington; enrolled in or accepted to an undergraduate or graduate degree program; [...]
SMA Native American STEM Scholarship,6/12/2022,"$1,500","The SMA Native American STEM Scholarship awards Native American students pursuing a four-year degree in in STEM--Science, Technology, Engineering and Mathematics. Applicant must be an enrolled member of a Pueblo or Tribe, a high school graduate by June who has been accepted by an accredited U.S. college or university or a college STEM student already enrolled at an accredited college or [...]"
SME Education Foundation Scholarships,2/1/2023,Varies,"The SME Education Foundation annually awards millions of dollars in scholarships to graduating high school seniors, undergraduates and graduate students pursuing two-year, four-year or advanced degrees in manufacturing or engineering. Applicants for any scholarship must be a permanent resident or citizen of the United States, have a minimum GPA of 2.0 and be on the path towards an associates, [...]"
SMRP Scholarship,6/17/2022,"$2,000","In an effort to support maintenance and reliability students, the SMRP Board of Directors offers one $2,000 SMRP Scholarships for the academic year. The SMRP Scholarship is awarded to a single student who demonstrates a strong desire to learn about and pursue a career in maintenance, reliability and physical asset management profession. It is available to freshmen, sophomores, juniors and rising [...]"
Society of Women Engineers - Lehigh Valley Section,2/2/2023,"$5,000",Since 2001 a major focus of SWE-LV has been to distribute scholarships for high school senior women who intend to major in engineering at their respective college or university. Scholarship funds are provided by area businesses and all of the work for administration of the program is provided by SWE volunteers. Applicants must must be females graduating from high school who reside in areas with [...]
Southern Automotive Womens Forum Scholarship,3/20/2022,"$5,000","The SAWF Scholarship Program provides financial assistance to women enrolled or enrolling in a STEM field at an accredited two-year technical program, four-year undergraduate program, or a graduate program who have a minimum cumulative 2.5 GPA, with a preference for those interested in the automobile and mobility industry. Applicants must be female high school seniors or graduates enrolling or [...]"
STudent Academic Research Review (STARR) Award Program,7/30/2022,"$5,000","A member of National Aeronautics and Space Administration’s (NASA) National Space Grant College and Fellowship Program (Space Grant), the Oregon NASA Space Grant Consortium (OSGC) supports the agency’s objectives of fostering and encouraging careers in Science, Technology, Engineering, and Mathematics (STEM) and STEM education to develop a skilled, high-performing, capable, and diverse [...]"
SVC Foundation College Scholarship,12/4/2022,"$5,000","The SVC scholarship fund is intended to further the education of any individual who is entering or is currently enrolled in a course of study related to vacuum coating technology at an accredited educational institution may apply.  Preference will be given to undergraduate and graduate students whose major is engineering, physics, materials science and other fields related to vacuum coating. For [...]"
SWE Golden Gate High School Scholarship Program,3/20/2022,Varies,"The Golden Gate Section of the Society of Women Engineers (SWE) is pleased to announce its High School Scholarship Program. Each year our Section awards scholarships to graduating local high school seniors who are pursuing a degree in engineering and other related degrees. Applicants must be females attending school within the boundaries of the Golden Gate Section (includes San Francisco, Marin, [...]"
The Edison International STEM Scholarship,12/13/2022,"$40,000","The Edison Scholars Program recognizes students who want to be makers of tomorrow — the dreamers, inventors, guardians and pioneers — those who dare to be great. Each year, Edison International awards $40,000 college scholarships to 30 high school seniors to help them follow their dreams in science, technology, engineering or math (STEM) and empower them to change the world. This is a chance for [...]"
The Fulbright Program,Varies,Varies,"The Fulbright Program operates in more than 155 countries worldwide and has provided approximately 310,000 participants with the opportunity to study, teach, or conduct research in each others' countries and exchange ideas. Fulbright eligibility requirements vary by program and country of citizenship. For specific contact information, eligibility requirements and limits on the number of awards by [...]"
The Gates Scholarship,9/15/2022,Varies,"The Gates Scholarship is a highly selective, last-dollar scholarship for outstanding, minority, high school seniors from low-income households. Each year, the scholarship is awarded to 300 of these student leaders, with the intent of helping them realize their maximum potential. Applicants must be high school seniors from at least one of the following ethnicities: African-American, American [...]"
The John Grossheim Memorial Scholarship,3/31/2022,"$3,500","The John Grossheim Memorial Scholarship's primary preference is to employees and their dependents of FMA Outside Processors Council (OPC) member companies. Nuts, Bolts & Thingamajigs awards scholarships to students majoring in programs that lead to careers in manufacturing. Scholarships are awarded twice a year, in the spring and in the fall. Applicants must have a 3.0 GPA (or an 85% competency [...]"
The NAVSEA Scholars Program,Varies,"$10,000","The NAVSEA Scholarship is awarded to outstanding incoming college freshmen (i.e. graduating high school seniors) intending to pursue a degree in science, technology, engineering, or mathematics (STEM). Scholars must be accepted for enrollment as a full-time student at a Hispanic-Serving Institution, exhibit exemplary scholastic attitude, maintain a 3.0 GPA or higher, demonstrate financial need, [...]"
The Robert Noyce Scholarship,1/12/2023,"$30,000","The Robert Noyce Scholarship program, authorized under the National Science Foundation Authorization Act, seeks to encourage talented science, technology, engineering, and mathematics (STEM) majors to become elementary, middle, and high school teachers by offering tuition scholarships of $15,000 per year for up to two years. The scholarship will be awarded annually to qualified Trinity seniors [...]"
The SMART Scholarship-for-Service Program,Varies,Varies,"The Science, Mathematics, and Research for Transformation (SMART) Scholarship-for-Service Program is an opportunity for students pursuing an undergraduate or graduate degree in Science, Technology, Engineering, and Mathematics (STEM) disciplines to receive a full scholarship and guaranteed civilian employment with the Department of Defense (DoD) upon degree completion. Applicants must be pursuing [...]"
The U. K. Gupta Family Scholarship Endowment,Varies,"$2,500","The U.K. Gupta & Family Scholarship provides up to $2,500 for students pursuing degrees that will lead to manufacturing careers. There are two deadlines; one for spring and another for fall scholarships. Applicant must be currently enrolled in or entering a certificate or degree program which leads to a manufacturing career on a full-time basis (12 or more credit hours) and have a 2.5 GPA for [...]"
Tien Bui Memorial Scholarship,Varies,Varies,"The Tien Bui Memorial Scholarship was established by the family of Tien Bui and may provide a non-renewable scholarship to graduating high school seniors who attend a North Carolina high school, reside in the Foundation's service area and will attend North Carolina State University’s College of Engineering. To receive consideration, applicants must: have a minimum unweighted GPA of 3.5 with a [...]"
TSGC Columbia Crew Memorial Undergraduate Scholarships,4/24/2022,"$1,000",Texas Space Grant Consortium and the Aviation and Space Foundation of Texas in partnership with the National Aeronautics and Space Administration  have established this scholarship program in memory of the Space Shuttle Columbia astronauts. These seven men and women paid the ultimate sacrifice to expand the exploration of space and our knowledge of the world that we live in. These scholarships [...]
TYLENOL Future Care Scholarship,7/1/2022,"$10,000","Each year the makers of TYLENOL award annual scholarships to well deserving students pursuing careers in healthcare. Twenty-three years and over eight million dollars later, we're proud to continue a tradition that supports those dedicated to a lifetime of caring for others. The makers of TYLENOL are proud to provide support to exceptional students as they pursue careers caring for others! [...]"
Union Pacific William E. Wimmer Scholarship,12/10/2022,"$1,000","The William E. Wimmer Scholarship is offered to undergraduates in an accredited four or five year engineering or engineering technology undergraduate/graduate degree program. Eligible applicants must have completed at least one quarter or semester, and be attending a college or university in Union Pacific's service area. Must maintain a 2.5 GPA. For more information or to apply, please visit the [...]"
University of Rochester FIRST Scholarship,1/4/2023,"$60,000","The University of Rochester awards an unlimited number of scholarships to students who have participated on a FIRST team and are enrolling as first-year students at the University of Rochester. Eligible applicants must be high school seniors, and be admitted as full-time students. This scholarship is renewable for four years. For more information or to apply, please visit the scholarship [...]"
Valparaiso University Ament-Benner Scholarship,3/1/2022,"$5,000","The Ament-Brenner Scholarship is for members of a Lutheran congregation in the greater St. Louis area. Applicants must be preparing for a career in the healthcare field (e.g., nursing, physical or occupational therapy, pre-med etc.). Scholarship amounts vary, based on financial need. Applicants must complete the undergraduate admission application and file the FAFSA by the deadline. For more [...]"
Vincent and Catherine Sansalone Scholarship,2/1/2023,Varies,The Vincent and Catherine Sansalone Scholarship recipient is selected by the College of Science and Technology and must be majoring in a math or science discipline with a minimum overall GPA of 3.0. Preference is given to students of Italian American heritage. Students may be required to submit a paper describing the influences of their heritage and culture in their life. To be considered you [...]
Walt Disney Imaginations Design Competition Project Challenge,10/11/2022,Varies,"Disney Imaginations invites students to create an iconic installation on their campus or city that serves as an inspiration, honors the past, and is a vision of the future. Applicants can form teams of two to four participants. To qualify, each team participant must be a student at least 18 years of age with junior, senior or equivalent standing or full-time graduate student in a college or [...]"
WIFLE Scholarship Program,5/3/2022,Varies,"To be eligible for the WIFLE Scholarship Program, applicants must: be a female full-time student and physically attend an accredited four-year college or university; or be currently enrolled in a full-time in a fully accredited community college with the intention of transferring to a four-year degree; have completed at least one full academic year of college work at an accredited college or [...]"
Woodrow Wilson Teaching Fellowship,Varies,"$32,000","The WW Teaching Fellowship seeks to attract talented, committed individuals with backgrounds in the STEM fields—science, technology, engineering, and mathematics—into teaching in high-need secondary schools in?Pennsylvania."
WTS Leadership Legacy Scholarship for Graduates,10/21/2022,"$5,000","The Leadership Legacy Fund has been established to honor the past, present, and future leaders of WTS by awarding an annual scholarship to female graduate students pursuing a career in transportation. Eligible candidates are pursuing graduate degrees in transportation or a related field (such as  transportation engineering, planning, finance, communications, or logistics) and demonstrate [...]"
WTS Portland Chapter Gail Achterman Leadership Scholarship,10/25/2022,"$6,800","The purpose of the Gail Achterman Leadership Scholarship is to motivate and reward women who demonstrate leadership in the transportation industry, ensuring that the essential leadership, skills and perspective of women are included in planning the transportation systems of the future. Applicants must be currently enrolled in a junior college/trade school program, undergraduate or graduate degree [...]"
ZONTA Milwaukee Scholarships,6/15/2022,"$1,000","Founded in 1919, Zonta International is a leading global organization of professionals empowering women worldwide through service and advocacy. With more than 30,000 members belonging to more than 1,200 Zonta Clubs in 67 countries and geographic areas, Zontians all over the world volunteer their time, talents and support to local and international service projects, as well as scholarship programs [...]"
